STRUCTURE,STRUCTURE_ID,ACTION,FREQ,FREQ_LABEL,REF_AREA,REF_AREA_LABEL,INDICATOR,INDICATOR_LABEL,SEX,SEX_LABEL,AGE,AGE_LABEL,URBANISATION,URBANISATION_LABEL,UNIT_MEASURE,UNIT_MEASURE_LABEL,COMP_BREAKDOWN_1,COMP_BREAKDOWN_1_LABEL,COMP_BREAKDOWN_2,COMP_BREAKDOWN_2_LABEL,COMP_BREAKDOWN_3,COMP_BREAKDOWN_3_LABEL,TIME_PERIOD,OBS_VALUE,AGG_METHOD,AGG_METHOD_LABEL,DATABASE_ID,DATABASE_ID_LABEL,UNIT_MULT,UNIT_MULT_LABEL,UNIT_TYPE,UNIT_TYPE_LABEL,TIME_FORMAT,TIME_FORMAT_LABEL,OBS_STATUS,OBS_STATUS_LABEL,OBS_CONF,OBS_CONF_LABEL
datastructure,WB.DATA360:DS_DATA360(1.2),I,A,Annual,SAU,Saudi Arabia,ITU_DH_SKLS_DIG_CONT,Individuals with ICT skills in digital content creation,_T,Total,_T,All age ranges or no breakdown by age,_T,Total,PT_POP,Percentage of population,BASIC,Skill level: Basic,_Z,Not Applicable,_Z,Not Applicable,2024,12.29,MEAN,Mean,ITU_DH,ICT Indicators Database,0,Units,RATIO,Ratio,602,CCYY,A,Normal value,PU,Public
datastructure,WB.DATA360:DS_DATA360(1.2),I,A,Annual,AUT,Austria,ITU_DH_SKLS_DIG_CONT,Individuals with ICT skills in digital content creation,_T,Total,_T,All age ranges or no breakdown by age,_T,Total,PT_POP,Percentage of population,BASIC,Skill level: Basic,_Z,Not Applicable,_Z,Not Applicable,2021,19.2395,MEAN,Mean,ITU_DH,ICT Indicators Database,0,Units,RATIO,Ratio,602,CCYY,A,Normal value,PU,Public
datastructure,WB.DATA360:DS_DATA360(1.2),I,A,Annual,AUT,Austria,ITU_DH_SKLS_DIG_CONT,Individuals with ICT skills in digital content creation,_T,Total,_T,All age ranges or no breakdown by age,_T,Total,PT_POP,Percentage of population,BASIC,Skill level: Basic,_Z,Not Applicable,_Z,Not Applicable,2023,22.9956,MEAN,Mean,ITU_DH,ICT Indicators Database,0,Units,RATIO,Ratio,602,CCYY,A,Normal value,PU,Public
datastructure,WB.DATA360:DS_DATA360(1.2),I,A,Annual,AZE,Azerbaijan,ITU_DH_SKLS_DIG_CONT,Individuals with ICT skills in digital content creation,_T,Total,_T,All age ranges or no breakdown by age,_T,Total,PT_POP,Percentage of population,BASIC,Skill level: Basic,_Z,Not Applicable,_Z,Not Applicable,2021,38.3052,MEAN,Mean,ITU_DH,ICT Indicators Database,0,Units,RATIO,Ratio,602,CCYY,A,Normal value,PU,Public
datastructure,WB.DATA360:DS_DATA360(1.2),I,A,Annual,AZE,Azerbaijan,ITU_DH_SKLS_DIG_CONT,Individuals with ICT skills in digital content creation,_T,Total,_T,All age ranges or no breakdown by age,_T,Total,PT_POP,Percentage of population,BASIC,Skill level: Basic,_Z,Not Applicable,_Z,Not Applicable,2022,34.78,MEAN,Mean,ITU_DH,ICT Indicators Database,0,Units,RATIO,Ratio,602,CCYY,A,Normal value,PU,Public
datastructure,WB.DATA360:DS_DATA360(1.2),I,A,Annual,AZE,Azerbaijan,ITU_DH_SKLS_DIG_CONT,Individuals with ICT skills in digital content creation,_T,Total,_T,All age ranges or no breakdown by age,_T,Total,PT_POP,Percentage of population,BASIC,Skill level: Basic,_Z,Not Applicable,_Z,Not Applicable,2023,36.49,MEAN,Mean,ITU_DH,ICT Indicators Database,0,Units,RATIO,Ratio,602,CCYY,A,Normal value,PU,Public
datastructure,WB.DATA360:DS_DATA360(1.2),I,A,Annual,BRA,Brazil,ITU_DH_SKLS_DIG_CONT,Individuals with ICT skills in digital content creation,_T,Total,_T,All age ranges or no breakdown by age,_T,Total,PT_POP,Percentage of population,BASIC,Skill level: Basic,_Z,Not Applicable,_Z,Not Applicable,2021,21.0046,MEAN,Mean,ITU_DH,ICT Indicators Database,0,Units,RATIO,Ratio,602,CCYY,A,Normal value,PU,Public
datastructure,WB.DATA360:DS_DATA360(1.2),I,A,Annual,BRA,Brazil,ITU_DH_SKLS_DIG_CONT,Individuals with ICT skills in digital content creation,_T,Total,_T,All age ranges or no breakdown by age,_T,Total,PT_POP,Percentage of population,BASIC,Skill level: Basic,_Z,Not Applicable,_Z,Not Applicable,2022,20.0853,MEAN,Mean,ITU_DH,ICT Indicators Database,0,Units,RATIO,Ratio,602,CCYY,A,Normal value,PU,Public
datastructure,WB.DATA360:DS_DATA360(1.2),I,A,Annual,BRA,Brazil,ITU_DH_SKLS_DIG_CONT,Individuals with ICT skills in digital content creation,_T,Total,_T,All age ranges or no breakdown by age,_T,Total,PT_POP,Percentage of population,BASIC,Skill level: Basic,_Z,Not Applicable,_Z,Not Applicable,2023,20.2324,MEAN,Mean,ITU_DH,ICT Indicators Database,0,Units,RATIO,Ratio,602,CCYY,A,Normal value,PU,Public
datastructure,WB.DATA360:DS_DATA360(1.2),I,A,Annual,BRA,Brazil,ITU_DH_SKLS_DIG_CONT,Individuals with ICT skills in digital content creation,_T,Total,_T,All age ranges or no breakdown by age,_T,Total,PT_POP,Percentage of population,BASIC,Skill level: Basic,_Z,Not Applicable,_Z,Not Applicable,2024,19.0232,MEAN,Mean,ITU_DH,ICT Indicators Database,0,Units,RATIO,Ratio,602,CCYY,A,Normal value,PU,Public
datastructure,WB.DATA360:DS_DATA360(1.2),I,A,Annual,BEL,Belgium,ITU_DH_SKLS_DIG_CONT,Individuals with ICT skills in digital content creation,_T,Total,_T,All age ranges or no breakdown by age,_T,Total,PT_POP,Percentage of population,BASIC,Skill level: Basic,_Z,Not Applicable,_Z,Not Applicable,2021,17.3478,MEAN,Mean,ITU_DH,ICT Indicators Database,0,Units,RATIO,Ratio,602,CCYY,A,Normal value,PU,Public
datastructure,WB.DATA360:DS_DATA360(1.2),I,A,Annual,BEL,Belgium,ITU_DH_SKLS_DIG_CONT,Individuals with ICT skills in digital content creation,_T,Total,_T,All age ranges or no breakdown by age,_T,Total,PT_POP,Percentage of population,BASIC,Skill level: Basic,_Z,Not Applicable,_Z,Not Applicable,2023,12.927,MEAN,Mean,ITU_DH,ICT Indicators Database,0,Units,RATIO,Ratio,602,CCYY,A,Normal value,PU,Public
datastructure,WB.DATA360:DS_DATA360(1.2),I,A,Annual,BLR,Belarus,ITU_DH_SKLS_DIG_CONT,Individuals with ICT skills in digital content creation,_T,Total,_T,All age ranges or no breakdown by age,_T,Total,PT_POP,Percentage of population,BASIC,Skill level: Basic,_Z,Not Applicable,_Z,Not Applicable,2021,17.2019,MEAN,Mean,ITU_DH,ICT Indicators Database,0,Units,RATIO,Ratio,602,CCYY,A,Normal value,PU,Public
datastructure,WB.DATA360:DS_DATA360(1.2),I,A,Annual,BLR,Belarus,ITU_DH_SKLS_DIG_CONT,Individuals with ICT skills in digital content creation,_T,Total,_T,All age ranges or no breakdown by age,_T,Total,PT_POP,Percentage of population,BASIC,Skill level: Basic,_Z,Not Applicable,_Z,Not Applicable,2022,17.9733,MEAN,Mean,ITU_DH,ICT Indicators Database,0,Units,RATIO,Ratio,602,CCYY,A,Normal value,PU,Public
datastructure,WB.DATA360:DS_DATA360(1.2),I,A,Annual,BLR,Belarus,ITU_DH_SKLS_DIG_CONT,Individuals with ICT skills in digital content creation,_T,Total,_T,All age ranges or no breakdown by age,_T,Total,PT_POP,Percentage of population,BASIC,Skill level: Basic,_Z,Not Applicable,_Z,Not Applicable,2023,17.9463,MEAN,Mean,ITU_DH,ICT Indicators Database,0,Units,RATIO,Ratio,602,CCYY,A,Normal value,PU,Public
datastructure,WB.DATA360:DS_DATA360(1.2),I,A,Annual,BLR,Belarus,ITU_DH_SKLS_DIG_CONT,Individuals with ICT skills in digital content creation,_T,Total,_T,All age ranges or no breakdown by age,_T,Total,PT_POP,Percentage of population,BASIC,Skill level: Basic,_Z,Not Applicable,_Z,Not Applicable,2024,27.8612,MEAN,Mean,ITU_DH,ICT Indicators Database,0,Units,RATIO,Ratio,602,CCYY,A,Normal value,PU,Public
datastructure,WB.DATA360:DS_DATA360(1.2),I,A,Annual,BRN,Brunei Darussalam,ITU_DH_SKLS_DIG_CONT,Individuals with ICT skills in digital content creation,_T,Total,_T,All age ranges or no breakdown by age,_T,Total,PT_POP,Percentage of population,BASIC,Skill level: Basic,_Z,Not Applicable,_Z,Not Applicable,2022,0.0,MEAN,Mean,ITU_DH,ICT Indicators Database,0,Units,RATIO,Ratio,602,CCYY,A,Normal value,PU,Public
datastructure,WB.DATA360:DS_DATA360(1.2),I,A,Annual,BGR,Bulgaria,ITU_DH_SKLS_DIG_CONT,Individuals with ICT skills in digital content creation,_T,Total,_T,All age ranges or no breakdown by age,_T,Total,PT_POP,Percentage of population,BASIC,Skill level: Basic,_Z,Not Applicable,_Z,Not Applicable,2021,21.3564,MEAN,Mean,ITU_DH,ICT Indicators Database,0,Units,RATIO,Ratio,602,CCYY,A,Normal value,PU,Public
datastructure,WB.DATA360:DS_DATA360(1.2),I,A,Annual,BGR,Bulgaria,ITU_DH_SKLS_DIG_CONT,Individuals with ICT skills in digital content creation,_T,Total,_T,All age ranges or no breakdown by age,_T,Total,PT_POP,Percentage of population,BASIC,Skill level: Basic,_Z,Not Applicable,_Z,Not Applicable,2023,19.1127,MEAN,Mean,ITU_DH,ICT Indicators Database,0,Units,RATIO,Ratio,602,CCYY,A,Normal value,PU,Public
datastructure,WB.DATA360:DS_DATA360(1.2),I,A,Annual,CAN,Canada,ITU_DH_SKLS_DIG_CONT,Individuals with ICT skills in digital content creation,_T,Total,_T,All age ranges or no breakdown by age,_T,Total,PT_POP,Percentage of population,BASIC,Skill level: Basic,_Z,Not Applicable,_Z,Not Applicable,2022,9.10001,MEAN,Mean,ITU_DH,ICT Indicators Database,0,Units,RATIO,Ratio,602,CCYY,A,Normal value,PU,Public
datastructure,WB.DATA360:DS_DATA360(1.2),I,A,Annual,CHL,Chile,ITU_DH_SKLS_DIG_CONT,Individuals with ICT skills in digital content creation,_T,Total,_T,All age ranges or no breakdown by age,_T,Total,PT_POP,Percentage of population,BASIC,Skill level: Basic,_Z,Not Applicable,_Z,Not Applicable,2023,19.7405,MEAN,Mean,ITU_DH,ICT Indicators Database,0,Units,RATIO,Ratio,602,CCYY,A,Normal value,PU,Public
datastructure,WB.DATA360:DS_DATA360(1.2),I,A,Annual,DOM,Dominican Republic,ITU_DH_SKLS_DIG_CONT,Individuals with ICT skills in digital content creation,_T,Total,_T,All age ranges or no breakdown by age,_T,Total,PT_POP,Percentage of population,BASIC,Skill level: Basic,_Z,Not Applicable,_Z,Not Applicable,2022,21.6914,MEAN,Mean,ITU_DH,ICT Indicators Database,0,Units,RATIO,Ratio,602,CCYY,A,Normal value,PU,Public
datastructure,WB.DATA360:DS_DATA360(1.2),I,A,Annual,ESP,Spain,ITU_DH_SKLS_DIG_CONT,Individuals with ICT skills in digital content creation,_T,Total,_T,All age ranges or no breakdown by age,_T,Total,PT_POP,Percentage of population,BASIC,Skill level: Basic,_Z,Not Applicable,_Z,Not Applicable,2021,21.2,MEAN,Mean,ITU_DH,ICT Indicators Database,0,Units,RATIO,Ratio,602,CCYY,A,Normal value,PU,Public
datastructure,WB.DATA360:DS_DATA360(1.2),I,A,Annual,ESP,Spain,ITU_DH_SKLS_DIG_CONT,Individuals with ICT skills in digital content creation,_T,Total,_T,All age ranges or no breakdown by age,_T,Total,PT_POP,Percentage of population,BASIC,Skill level: Basic,_Z,Not Applicable,_Z,Not Applicable,2023,21.5458,MEAN,Mean,ITU_DH,ICT Indicators Database,0,Units,RATIO,Ratio,602,CCYY,A,Normal value,PU,Public
datastructure,WB.DATA360:DS_DATA360(1.2),I,A,Annual,EST,Estonia,ITU_DH_SKLS_DIG_CONT,Individuals with ICT skills in digital content creation,_T,Total,_T,All age ranges or no breakdown by age,_T,Total,PT_POP,Percentage of population,BASIC,Skill level: Basic,_Z,Not Applicable,_Z,Not Applicable,2023,0.0,MEAN,Mean,ITU_DH,ICT Indicators Database,0,Units,RATIO,Ratio,602,CCYY,A,Normal value,PU,Public
datastructure,WB.DATA360:DS_DATA360(1.2),I,A,Annual,FRA,France,ITU_DH_SKLS_DIG_CONT,Individuals with ICT skills in digital content creation,_T,Total,_T,All age ranges or no breakdown by age,_T,Total,PT_POP,Percentage of population,BASIC,Skill level: Basic,_Z,Not Applicable,_Z,Not Applicable,2023,19.7017,MEAN,Mean,ITU_DH,ICT Indicators Database,0,Units,RATIO,Ratio,602,CCYY,A,Normal value,PU,Public
datastructure,WB.DATA360:DS_DATA360(1.2),I,A,Annual,FIN,Finland,ITU_DH_SKLS_DIG_CONT,Individuals with ICT skills in digital content creation,_T,Total,_T,All age ranges or no breakdown by age,_T,Total,PT_POP,Percentage of population,BASIC,Skill level: Basic,_Z,Not Applicable,_Z,Not Applicable,2021,19.8526,MEAN,Mean,ITU_DH,ICT Indicators Database,0,Units,RATIO,Ratio,602,CCYY,A,Normal value,PU,Public
datastructure,WB.DATA360:DS_DATA360(1.2),I,A,Annual,FIN,Finland,ITU_DH_SKLS_DIG_CONT,Individuals with ICT skills in digital content creation,_T,Total,_T,All age ranges or no breakdown by age,_T,Total,PT_POP,Percentage of population,BASIC,Skill level: Basic,_Z,Not Applicable,_Z,Not Applicable,2023,20.5061,MEAN,Mean,ITU_DH,ICT Indicators Database,0,Units,RATIO,Ratio,602,CCYY,A,Normal value,PU,Public
datastructure,WB.DATA360:DS_DATA360(1.2),I,A,Annual,GRC,Greece,ITU_DH_SKLS_DIG_CONT,Individuals with ICT skills in digital content creation,_T,Total,_T,All age ranges or no breakdown by age,_T,Total,PT_POP,Percentage of population,BASIC,Skill level: Basic,_Z,Not Applicable,_Z,Not Applicable,2021,20.0095,MEAN,Mean,ITU_DH,ICT Indicators Database,0,Units,RATIO,Ratio,602,CCYY,A,Normal value,PU,Public
datastructure,WB.DATA360:DS_DATA360(1.2),I,A,Annual,GRC,Greece,ITU_DH_SKLS_DIG_CONT,Individuals with ICT skills in digital content creation,_T,Total,_T,All age ranges or no breakdown by age,_T,Total,PT_POP,Percentage of population,BASIC,Skill level: Basic,_Z,Not Applicable,_Z,Not Applicable,2023,17.3424,MEAN,Mean,ITU_DH,ICT Indicators Database,0,Units,RATIO,Ratio,602,CCYY,A,Normal value,PU,Public
datastructure,WB.DATA360:DS_DATA360(1.2),I,A,Annual,HKG,"Hong Kong SAR, China",ITU_DH_SKLS_DIG_CONT,Individuals with ICT skills in digital content creation,_T,Total,_T,All age ranges or no breakdown by age,_T,Total,PT_POP,Percentage of population,BASIC,Skill level: Basic,_Z,Not Applicable,_Z,Not Applicable,2023,16.3516,MEAN,Mean,ITU_DH,ICT Indicators Database,0,Units,RATIO,Ratio,602,CCYY,A,Normal value,PU,Public
datastructure,WB.DATA360:DS_DATA360(1.2),I,A,Annual,HRV,Croatia,ITU_DH_SKLS_DIG_CONT,Individuals with ICT skills in digital content creation,_T,Total,_T,All age ranges or no breakdown by age,_T,Total,PT_POP,Percentage of population,BASIC,Skill level: Basic,_Z,Not Applicable,_Z,Not Applicable,2021,16.83,MEAN,Mean,ITU_DH,ICT Indicators Database,0,Units,RATIO,Ratio,602,CCYY,A,Normal value,PU,Public
datastructure,WB.DATA360:DS_DATA360(1.2),I,A,Annual,HRV,Croatia,ITU_DH_SKLS_DIG_CONT,Individuals with ICT skills in digital content creation,_T,Total,_T,All age ranges or no breakdown by age,_T,Total,PT_POP,Percentage of population,BASIC,Skill level: Basic,_Z,Not Applicable,_Z,Not Applicable,2023,41.8298,MEAN,Mean,ITU_DH,ICT Indicators Database,0,Units,RATIO,Ratio,602,CCYY,A,Normal value,PU,Public
datastructure,WB.DATA360:DS_DATA360(1.2),I,A,Annual,ITA,Italy,ITU_DH_SKLS_DIG_CONT,Individuals with ICT skills in digital content creation,_T,Total,_T,All age ranges or no breakdown by age,_T,Total,PT_POP,Percentage of population,BASIC,Skill level: Basic,_Z,Not Applicable,_Z,Not Applicable,2023,17.6857,MEAN,Mean,ITU_DH,ICT Indicators Database,0,Units,RATIO,Ratio,602,CCYY,A,Normal value,PU,Public
datastructure,WB.DATA360:DS_DATA360(1.2),I,A,Annual,IDN,Indonesia,ITU_DH_SKLS_DIG_CONT,Individuals with ICT skills in digital content creation,_T,Total,_T,All age ranges or no breakdown by age,_T,Total,PT_POP,Percentage of population,BASIC,Skill level: Basic,_Z,Not Applicable,_Z,Not Applicable,2024,5.97388,MEAN,Mean,ITU_DH,ICT Indicators Database,0,Units,RATIO,Ratio,602,CCYY,A,Normal value,PU,Public
datastructure,WB.DATA360:DS_DATA360(1.2),I,A,Annual,JPN,Japan,ITU_DH_SKLS_DIG_CONT,Individuals with ICT skills in digital content creation,_T,Total,_T,All age ranges or no breakdown by age,_T,Total,PT_POP,Percentage of population,BASIC,Skill level: Basic,_Z,Not Applicable,_Z,Not Applicable,2021,19.5848,MEAN,Mean,ITU_DH,ICT Indicators Database,0,Units,RATIO,Ratio,602,CCYY,A,Normal value,PU,Public
datastructure,WB.DATA360:DS_DATA360(1.2),I,A,Annual,JPN,Japan,ITU_DH_SKLS_DIG_CONT,Individuals with ICT skills in digital content creation,_T,Total,_T,All age ranges or no breakdown by age,_T,Total,PT_POP,Percentage of population,BASIC,Skill level: Basic,_Z,Not Applicable,_Z,Not Applicable,2022,19.401,MEAN,Mean,ITU_DH,ICT Indicators Database,0,Units,RATIO,Ratio,602,CCYY,A,Normal value,PU,Public
datastructure,WB.DATA360:DS_DATA360(1.2),I,A,Annual,JAM,Jamaica,ITU_DH_SKLS_DIG_CONT,Individuals with ICT skills in digital content creation,_T,Total,_T,All age ranges or no breakdown by age,_T,Total,PT_POP,Percentage of population,BASIC,Skill level: Basic,_Z,Not Applicable,_Z,Not Applicable,2023,9.03635,MEAN,Mean,ITU_DH,ICT Indicators Database,0,Units,RATIO,Ratio,602,CCYY,A,Normal value,PU,Public
datastructure,WB.DATA360:DS_DATA360(1.2),I,A,Annual,JOR,Jordan,ITU_DH_SKLS_DIG_CONT,Individuals with ICT skills in digital content creation,_T,Total,_T,All age ranges or no breakdown by age,_T,Total,PT_POP,Percentage of population,BASIC,Skill level: Basic,_Z,Not Applicable,_Z,Not Applicable,2023,14.8959,MEAN,Mean,ITU_DH,ICT Indicators Database,0,Units,RATIO,Ratio,602,CCYY,A,Normal value,PU,Public
datastructure,WB.DATA360:DS_DATA360(1.2),I,A,Annual,KOR,"Korea, Rep.",ITU_DH_SKLS_DIG_CONT,Individuals with ICT skills in digital content creation,_T,Total,_T,All age ranges or no breakdown by age,_T,Total,PT_POP,Percentage of population,BASIC,Skill level: Basic,_Z,Not Applicable,_Z,Not Applicable,2021,18.5164,MEAN,Mean,ITU_DH,ICT Indicators Database,0,Units,RATIO,Ratio,602,CCYY,A,Normal value,PU,Public
datastructure,WB.DATA360:DS_DATA360(1.2),I,A,Annual,KOR,"Korea, Rep.",ITU_DH_SKLS_DIG_CONT,Individuals with ICT skills in digital content creation,_T,Total,_T,All age ranges or no breakdown by age,_T,Total,PT_POP,Percentage of population,BASIC,Skill level: Basic,_Z,Not Applicable,_Z,Not Applicable,2022,14.7291,MEAN,Mean,ITU_DH,ICT Indicators Database,0,Units,RATIO,Ratio,602,CCYY,A,Normal value,PU,Public
datastructure,WB.DATA360:DS_DATA360(1.2),I,A,Annual,KOR,"Korea, Rep.",ITU_DH_SKLS_DIG_CONT,Individuals with ICT skills in digital content creation,_T,Total,_T,All age ranges or no breakdown by age,_T,Total,PT_POP,Percentage of population,BASIC,Skill level: Basic,_Z,Not Applicable,_Z,Not Applicable,2023,16.4949,MEAN,Mean,ITU_DH,ICT Indicators Database,0,Units,RATIO,Ratio,602,CCYY,A,Normal value,PU,Public
datastructure,WB.DATA360:DS_DATA360(1.2),I,A,Annual,KOR,"Korea, Rep.",ITU_DH_SKLS_DIG_CONT,Individuals with ICT skills in digital content creation,_T,Total,_T,All age ranges or no breakdown by age,_T,Total,PT_POP,Percentage of population,BASIC,Skill level: Basic,_Z,Not Applicable,_Z,Not Applicable,2024,33.5222,MEAN,Mean,ITU_DH,ICT Indicators Database,0,Units,RATIO,Ratio,602,CCYY,A,Normal value,PU,Public
datastructure,WB.DATA360:DS_DATA360(1.2),I,A,Annual,LTU,Lithuania,ITU_DH_SKLS_DIG_CONT,Individuals with ICT skills in digital content creation,_T,Total,_T,All age ranges or no breakdown by age,_T,Total,PT_POP,Percentage of population,BASIC,Skill level: Basic,_Z,Not Applicable,_Z,Not Applicable,2021,22.1234,MEAN,Mean,ITU_DH,ICT Indicators Database,0,Units,RATIO,Ratio,602,CCYY,A,Normal value,PU,Public
datastructure,WB.DATA360:DS_DATA360(1.2),I,A,Annual,LTU,Lithuania,ITU_DH_SKLS_DIG_CONT,Individuals with ICT skills in digital content creation,_T,Total,_T,All age ranges or no breakdown by age,_T,Total,PT_POP,Percentage of population,BASIC,Skill level: Basic,_Z,Not Applicable,_Z,Not Applicable,2023,18.749,MEAN,Mean,ITU_DH,ICT Indicators Database,0,Units,RATIO,Ratio,602,CCYY,A,Normal value,PU,Public
datastructure,WB.DATA360:DS_DATA360(1.2),I,A,Annual,LVA,Latvia,ITU_DH_SKLS_DIG_CONT,Individuals with ICT skills in digital content creation,_T,Total,_T,All age ranges or no breakdown by age,_T,Total,PT_POP,Percentage of population,BASIC,Skill level: Basic,_Z,Not Applicable,_Z,Not Applicable,2021,29.5248,MEAN,Mean,ITU_DH,ICT Indicators Database,0,Units,RATIO,Ratio,602,CCYY,A,Normal value,PU,Public
datastructure,WB.DATA360:DS_DATA360(1.2),I,A,Annual,LVA,Latvia,ITU_DH_SKLS_DIG_CONT,Individuals with ICT skills in digital content creation,_T,Total,_T,All age ranges or no breakdown by age,_T,Total,PT_POP,Percentage of population,BASIC,Skill level: Basic,_Z,Not Applicable,_Z,Not Applicable,2023,27.3233,MEAN,Mean,ITU_DH,ICT Indicators Database,0,Units,RATIO,Ratio,602,CCYY,A,Normal value,PU,Public
datastructure,WB.DATA360:DS_DATA360(1.2),I,A,Annual,MEX,Mexico,ITU_DH_SKLS_DIG_CONT,Individuals with ICT skills in digital content creation,_T,Total,_T,All age ranges or no breakdown by age,_T,Total,PT_POP,Percentage of population,BASIC,Skill level: Basic,_Z,Not Applicable,_Z,Not Applicable,2021,4.28579,MEAN,Mean,ITU_DH,ICT Indicators Database,0,Units,RATIO,Ratio,602,CCYY,A,Normal value,PU,Public
datastructure,WB.DATA360:DS_DATA360(1.2),I,A,Annual,MEX,Mexico,ITU_DH_SKLS_DIG_CONT,Individuals with ICT skills in digital content creation,_T,Total,_T,All age ranges or no breakdown by age,_T,Total,PT_POP,Percentage of population,BASIC,Skill level: Basic,_Z,Not Applicable,_Z,Not Applicable,2022,4.5072,MEAN,Mean,ITU_DH,ICT Indicators Database,0,Units,RATIO,Ratio,602,CCYY,A,Normal value,PU,Public
datastructure,WB.DATA360:DS_DATA360(1.2),I,A,Annual,MEX,Mexico,ITU_DH_SKLS_DIG_CONT,Individuals with ICT skills in digital content creation,_T,Total,_T,All age ranges or no breakdown by age,_T,Total,PT_POP,Percentage of population,BASIC,Skill level: Basic,_Z,Not Applicable,_Z,Not Applicable,2023,4.50433,MEAN,Mean,ITU_DH,ICT Indicators Database,0,Units,RATIO,Ratio,602,CCYY,A,Normal value,PU,Public
datastructure,WB.DATA360:DS_DATA360(1.2),I,A,Annual,MYS,Malaysia,ITU_DH_SKLS_DIG_CONT,Individuals with ICT skills in digital content creation,_T,Total,_T,All age ranges or no breakdown by age,_T,Total,PT_POP,Percentage of population,BASIC,Skill level: Basic,_Z,Not Applicable,_Z,Not Applicable,2023,15.4983,MEAN,Mean,ITU_DH,ICT Indicators Database,0,Units,RATIO,Ratio,602,CCYY,A,Normal value,PU,Public
datastructure,WB.DATA360:DS_DATA360(1.2),I,A,Annual,MYS,Malaysia,ITU_DH_SKLS_DIG_CONT,Individuals with ICT skills in digital content creation,_T,Total,_T,All age ranges or no breakdown by age,_T,Total,PT_POP,Percentage of population,BASIC,Skill level: Basic,_Z,Not Applicable,_Z,Not Applicable,2024,15.6237,MEAN,Mean,ITU_DH,ICT Indicators Database,0,Units,RATIO,Ratio,602,CCYY,A,Normal value,PU,Public
datastructure,WB.DATA360:DS_DATA360(1.2),I,A,Annual,MLT,Malta,ITU_DH_SKLS_DIG_CONT,Individuals with ICT skills in digital content creation,_T,Total,_T,All age ranges or no breakdown by age,_T,Total,PT_POP,Percentage of population,BASIC,Skill level: Basic,_Z,Not Applicable,_Z,Not Applicable,2023,0.0,MEAN,Mean,ITU_DH,ICT Indicators Database,0,Units,RATIO,Ratio,602,CCYY,A,Normal value,PU,Public
datastructure,WB.DATA360:DS_DATA360(1.2),I,A,Annual,MWI,Malawi,ITU_DH_SKLS_DIG_CONT,Individuals with ICT skills in digital content creation,_T,Total,_T,All age ranges or no breakdown by age,_T,Total,PT_POP,Percentage of population,BASIC,Skill level: Basic,_Z,Not Applicable,_Z,Not Applicable,2023,1.15992,MEAN,Mean,ITU_DH,ICT Indicators Database,0,Units,RATIO,Ratio,602,CCYY,A,Normal value,PU,Public
datastructure,WB.DATA360:DS_DATA360(1.2),I,A,Annual,OMN,Oman,ITU_DH_SKLS_DIG_CONT,Individuals with ICT skills in digital content creation,_T,Total,_T,All age ranges or no breakdown by age,_T,Total,PT_POP,Percentage of population,BASIC,Skill level: Basic,_Z,Not Applicable,_Z,Not Applicable,2023,14.3741,MEAN,Mean,ITU_DH,ICT Indicators Database,0,Units,RATIO,Ratio,602,CCYY,A,Normal value,PU,Public
datastructure,WB.DATA360:DS_DATA360(1.2),I,A,Annual,POL,Poland,ITU_DH_SKLS_DIG_CONT,Individuals with ICT skills in digital content creation,_T,Total,_T,All age ranges or no breakdown by age,_T,Total,PT_POP,Percentage of population,BASIC,Skill level: Basic,_Z,Not Applicable,_Z,Not Applicable,2021,14.7144,MEAN,Mean,ITU_DH,ICT Indicators Database,0,Units,RATIO,Ratio,602,CCYY,A,Normal value,PU,Public
datastructure,WB.DATA360:DS_DATA360(1.2),I,A,Annual,POL,Poland,ITU_DH_SKLS_DIG_CONT,Individuals with ICT skills in digital content creation,_T,Total,_T,All age ranges or no breakdown by age,_T,Total,PT_POP,Percentage of population,BASIC,Skill level: Basic,_Z,Not Applicable,_Z,Not Applicable,2022,14.3828,MEAN,Mean,ITU_DH,ICT Indicators Database,0,Units,RATIO,Ratio,602,CCYY,A,Normal value,PU,Public
datastructure,WB.DATA360:DS_DATA360(1.2),I,A,Annual,POL,Poland,ITU_DH_SKLS_DIG_CONT,Individuals with ICT skills in digital content creation,_T,Total,_T,All age ranges or no breakdown by age,_T,Total,PT_POP,Percentage of population,BASIC,Skill level: Basic,_Z,Not Applicable,_Z,Not Applicable,2023,14.4489,MEAN,Mean,ITU_DH,ICT Indicators Database,0,Units,RATIO,Ratio,602,CCYY,A,Normal value,PU,Public
datastructure,WB.DATA360:DS_DATA360(1.2),I,A,Annual,PRT,Portugal,ITU_DH_SKLS_DIG_CONT,Individuals with ICT skills in digital content creation,_T,Total,_T,All age ranges or no breakdown by age,_T,Total,PT_POP,Percentage of population,BASIC,Skill level: Basic,_Z,Not Applicable,_Z,Not Applicable,2021,11.3829,MEAN,Mean,ITU_DH,ICT Indicators Database,0,Units,RATIO,Ratio,602,CCYY,A,Normal value,PU,Public
datastructure,WB.DATA360:DS_DATA360(1.2),I,A,Annual,PRT,Portugal,ITU_DH_SKLS_DIG_CONT,Individuals with ICT skills in digital content creation,_T,Total,_T,All age ranges or no breakdown by age,_T,Total,PT_POP,Percentage of population,BASIC,Skill level: Basic,_Z,Not Applicable,_Z,Not Applicable,2023,11.5668,MEAN,Mean,ITU_DH,ICT Indicators Database,0,Units,RATIO,Ratio,602,CCYY,A,Normal value,PU,Public
datastructure,WB.DATA360:DS_DATA360(1.2),I,A,Annual,ROU,Romania,ITU_DH_SKLS_DIG_CONT,Individuals with ICT skills in digital content creation,_T,Total,_T,All age ranges or no breakdown by age,_T,Total,PT_POP,Percentage of population,BASIC,Skill level: Basic,_Z,Not Applicable,_Z,Not Applicable,2023,27.7722,MEAN,Mean,ITU_DH,ICT Indicators Database,0,Units,RATIO,Ratio,602,CCYY,A,Normal value,PU,Public
datastructure,WB.DATA360:DS_DATA360(1.2),I,A,Annual,RUS,Russian Federation,ITU_DH_SKLS_DIG_CONT,Individuals with ICT skills in digital content creation,_T,Total,_T,All age ranges or no breakdown by age,_T,Total,PT_POP,Percentage of population,BASIC,Skill level: Basic,_Z,Not Applicable,_Z,Not Applicable,2023,19.198,MEAN,Mean,ITU_DH,ICT Indicators Database,0,Units,RATIO,Ratio,602,CCYY,A,Normal value,PU,Public
datastructure,WB.DATA360:DS_DATA360(1.2),I,A,Annual,RUS,Russian Federation,ITU_DH_SKLS_DIG_CONT,Individuals with ICT skills in digital content creation,_T,Total,_T,All age ranges or no breakdown by age,_T,Total,PT_POP,Percentage of population,BASIC,Skill level: Basic,_Z,Not Applicable,_Z,Not Applicable,2024,19.6247,MEAN,Mean,ITU_DH,ICT Indicators Database,0,Units,RATIO,Ratio,602,CCYY,A,Normal value,PU,Public
datastructure,WB.DATA360:DS_DATA360(1.2),I,A,Annual,SWE,Sweden,ITU_DH_SKLS_DIG_CONT,Individuals with ICT skills in digital content creation,_T,Total,_T,All age ranges or no breakdown by age,_T,Total,PT_POP,Percentage of population,BASIC,Skill level: Basic,_Z,Not Applicable,_Z,Not Applicable,2021,12.0734,MEAN,Mean,ITU_DH,ICT Indicators Database,0,Units,RATIO,Ratio,602,CCYY,A,Normal value,PU,Public
datastructure,WB.DATA360:DS_DATA360(1.2),I,A,Annual,SWE,Sweden,ITU_DH_SKLS_DIG_CONT,Individuals with ICT skills in digital content creation,_T,Total,_T,All age ranges or no breakdown by age,_T,Total,PT_POP,Percentage of population,BASIC,Skill level: Basic,_Z,Not Applicable,_Z,Not Applicable,2023,11.92,MEAN,Mean,ITU_DH,ICT Indicators Database,0,Units,RATIO,Ratio,602,CCYY,A,Normal value,PU,Public
datastructure,WB.DATA360:DS_DATA360(1.2),I,A,Annual,SGP,Singapore,ITU_DH_SKLS_DIG_CONT,Individuals with ICT skills in digital content creation,_T,Total,_T,All age ranges or no breakdown by age,_T,Total,PT_POP,Percentage of population,BASIC,Skill level: Basic,_Z,Not Applicable,_Z,Not Applicable,2024,12.3658,MEAN,Mean,ITU_DH,ICT Indicators Database,0,Units,RATIO,Ratio,602,CCYY,A,Normal value,PU,Public
datastructure,WB.DATA360:DS_DATA360(1.2),I,A,Annual,CHE,Switzerland,ITU_DH_SKLS_DIG_CONT,Individuals with ICT skills in digital content creation,_T,Total,_T,All age ranges or no breakdown by age,_T,Total,PT_POP,Percentage of population,BASIC,Skill level: Basic,_Z,Not Applicable,_Z,Not Applicable,2021,25.6618,MEAN,Mean,ITU_DH,ICT Indicators Database,0,Units,RATIO,Ratio,602,CCYY,A,Normal value,PU,Public
datastructure,WB.DATA360:DS_DATA360(1.2),I,A,Annual,CHE,Switzerland,ITU_DH_SKLS_DIG_CONT,Individuals with ICT skills in digital content creation,_T,Total,_T,All age ranges or no breakdown by age,_T,Total,PT_POP,Percentage of population,BASIC,Skill level: Basic,_Z,Not Applicable,_Z,Not Applicable,2023,24.6218,MEAN,Mean,ITU_DH,ICT Indicators Database,0,Units,RATIO,Ratio,602,CCYY,A,Normal value,PU,Public
datastructure,WB.DATA360:DS_DATA360(1.2),I,A,Annual,SVN,Slovenia,ITU_DH_SKLS_DIG_CONT,Individuals with ICT skills in digital content creation,_T,Total,_T,All age ranges or no breakdown by age,_T,Total,PT_POP,Percentage of population,BASIC,Skill level: Basic,_Z,Not Applicable,_Z,Not Applicable,2021,25.8653,MEAN,Mean,ITU_DH,ICT Indicators Database,0,Units,RATIO,Ratio,602,CCYY,A,Normal value,PU,Public
datastructure,WB.DATA360:DS_DATA360(1.2),I,A,Annual,SVN,Slovenia,ITU_DH_SKLS_DIG_CONT,Individuals with ICT skills in digital content creation,_T,Total,_T,All age ranges or no breakdown by age,_T,Total,PT_POP,Percentage of population,BASIC,Skill level: Basic,_Z,Not Applicable,_Z,Not Applicable,2023,21.3681,MEAN,Mean,ITU_DH,ICT Indicators Database,0,Units,RATIO,Ratio,602,CCYY,A,Normal value,PU,Public
datastructure,WB.DATA360:DS_DATA360(1.2),I,A,Annual,CZE,Czechia,ITU_DH_SKLS_DIG_CONT,Individuals with ICT skills in digital content creation,_T,Total,_T,All age ranges or no breakdown by age,_T,Total,PT_POP,Percentage of population,BASIC,Skill level: Basic,_Z,Not Applicable,_Z,Not Applicable,2021,17.3937,MEAN,Mean,ITU_DH,ICT Indicators Database,0,Units,RATIO,Ratio,602,CCYY,A,Normal value,PU,Public
datastructure,WB.DATA360:DS_DATA360(1.2),I,A,Annual,CZE,Czechia,ITU_DH_SKLS_DIG_CONT,Individuals with ICT skills in digital content creation,_T,Total,_T,All age ranges or no breakdown by age,_T,Total,PT_POP,Percentage of population,BASIC,Skill level: Basic,_Z,Not Applicable,_Z,Not Applicable,2023,16.6663,MEAN,Mean,ITU_DH,ICT Indicators Database,0,Units,RATIO,Ratio,602,CCYY,A,Normal value,PU,Public
datastructure,WB.DATA360:DS_DATA360(1.2),I,A,Annual,TUR,Turkiye,ITU_DH_SKLS_DIG_CONT,Individuals with ICT skills in digital content creation,_T,Total,_T,All age ranges or no breakdown by age,_T,Total,PT_POP,Percentage of population,BASIC,Skill level: Basic,_Z,Not Applicable,_Z,Not Applicable,2021,17.3906,MEAN,Mean,ITU_DH,ICT Indicators Database,0,Units,RATIO,Ratio,602,CCYY,A,Normal value,PU,Public
datastructure,WB.DATA360:DS_DATA360(1.2),I,A,Annual,TUR,Turkiye,ITU_DH_SKLS_DIG_CONT,Individuals with ICT skills in digital content creation,_T,Total,_T,All age ranges or no breakdown by age,_T,Total,PT_POP,Percentage of population,BASIC,Skill level: Basic,_Z,Not Applicable,_Z,Not Applicable,2022,12.0392,MEAN,Mean,ITU_DH,ICT Indicators Database,0,Units,RATIO,Ratio,602,CCYY,A,Normal value,PU,Public
datastructure,WB.DATA360:DS_DATA360(1.2),I,A,Annual,TUR,Turkiye,ITU_DH_SKLS_DIG_CONT,Individuals with ICT skills in digital content creation,_T,Total,_T,All age ranges or no breakdown by age,_T,Total,PT_POP,Percentage of population,BASIC,Skill level: Basic,_Z,Not Applicable,_Z,Not Applicable,2023,18.2172,MEAN,Mean,ITU_DH,ICT Indicators Database,0,Units,RATIO,Ratio,602,CCYY,A,Normal value,PU,Public
datastructure,WB.DATA360:DS_DATA360(1.2),I,A,Annual,URY,Uruguay,ITU_DH_SKLS_DIG_CONT,Individuals with ICT skills in digital content creation,_T,Total,_T,All age ranges or no breakdown by age,_T,Total,PT_POP,Percentage of population,BASIC,Skill level: Basic,_Z,Not Applicable,_Z,Not Applicable,2022,12.3726,MEAN,Mean,ITU_DH,ICT Indicators Database,0,Units,RATIO,Ratio,602,CCYY,A,Normal value,PU,Public
datastructure,WB.DATA360:DS_DATA360(1.2),I,A,Annual,URY,Uruguay,ITU_DH_SKLS_DIG_CONT,Individuals with ICT skills in digital content creation,_T,Total,_T,All age ranges or no breakdown by age,_T,Total,PT_POP,Percentage of population,BASIC,Skill level: Basic,_Z,Not Applicable,_Z,Not Applicable,2024,17.498,MEAN,Mean,ITU_DH,ICT Indicators Database,0,Units,RATIO,Ratio,602,CCYY,A,Normal value,PU,Public
datastructure,WB.DATA360:DS_DATA360(1.2),I,A,Annual,GEO,Georgia,ITU_DH_SKLS_DIG_CONT,Individuals with ICT skills in digital content creation,_T,Total,_T,All age ranges or no breakdown by age,_T,Total,PT_POP,Percentage of population,BASIC,Skill level: Basic,_Z,Not Applicable,_Z,Not Applicable,2021,19.2311,MEAN,Mean,ITU_DH,ICT Indicators Database,0,Units,RATIO,Ratio,602,CCYY,A,Normal value,PU,Public
datastructure,WB.DATA360:DS_DATA360(1.2),I,A,Annual,GEO,Georgia,ITU_DH_SKLS_DIG_CONT,Individuals with ICT skills in digital content creation,_T,Total,_T,All age ranges or no breakdown by age,_T,Total,PT_POP,Percentage of population,BASIC,Skill level: Basic,_Z,Not Applicable,_Z,Not Applicable,2022,21.1066,MEAN,Mean,ITU_DH,ICT Indicators Database,0,Units,RATIO,Ratio,602,CCYY,A,Normal value,PU,Public
datastructure,WB.DATA360:DS_DATA360(1.2),I,A,Annual,GEO,Georgia,ITU_DH_SKLS_DIG_CONT,Individuals with ICT skills in digital content creation,_T,Total,_T,All age ranges or no breakdown by age,_T,Total,PT_POP,Percentage of population,BASIC,Skill level: Basic,_Z,Not Applicable,_Z,Not Applicable,2023,21.0073,MEAN,Mean,ITU_DH,ICT Indicators Database,0,Units,RATIO,Ratio,602,CCYY,A,Normal value,PU,Public
datastructure,WB.DATA360:DS_DATA360(1.2),I,A,Annual,SVK,Slovak Republic,ITU_DH_SKLS_DIG_CONT,Individuals with ICT skills in digital content creation,_T,Total,_T,All age ranges or no breakdown by age,_T,Total,PT_POP,Percentage of population,BASIC,Skill level: Basic,_Z,Not Applicable,_Z,Not Applicable,2021,29.0427,MEAN,Mean,ITU_DH,ICT Indicators Database,0,Units,RATIO,Ratio,602,CCYY,A,Normal value,PU,Public
datastructure,WB.DATA360:DS_DATA360(1.2),I,A,Annual,SVK,Slovak Republic,ITU_DH_SKLS_DIG_CONT,Individuals with ICT skills in digital content creation,_T,Total,_T,All age ranges or no breakdown by age,_T,Total,PT_POP,Percentage of population,BASIC,Skill level: Basic,_Z,Not Applicable,_Z,Not Applicable,2023,24.3634,MEAN,Mean,ITU_DH,ICT Indicators Database,0,Units,RATIO,Ratio,602,CCYY,A,Normal value,PU,Public
datastructure,WB.DATA360:DS_DATA360(1.2),I,A,Annual,PSE,West Bank and Gaza,ITU_DH_SKLS_DIG_CONT,Individuals with ICT skills in digital content creation,_T,Total,_T,All age ranges or no breakdown by age,_T,Total,PT_POP,Percentage of population,BASIC,Skill level: Basic,_Z,Not Applicable,_Z,Not Applicable,2023,18.0458,MEAN,Mean,ITU_DH,ICT Indicators Database,0,Units,RATIO,Ratio,602,CCYY,A,Normal value,PU,Public
datastructure,WB.DATA360:DS_DATA360(1.2),I,A,Annual,SAU,Saudi Arabia,ITU_DH_SKLS_DIG_CONT,Individuals with ICT skills in digital content creation,_T,Total,_T,All age ranges or no breakdown by age,_T,Total,PT_POP,Percentage of population,ABOVE_BASIC,Skill level: Above basic,_Z,Not Applicable,_Z,Not Applicable,2024,79.0,MEAN,Mean,ITU_DH,ICT Indicators Database,0,Units,RATIO,Ratio,602,CCYY,A,Normal value,PU,Public
datastructure,WB.DATA360:DS_DATA360(1.2),I,A,Annual,AUT,Austria,ITU_DH_SKLS_DIG_CONT,Individuals with ICT skills in digital content creation,_T,Total,_T,All age ranges or no breakdown by age,_T,Total,PT_POP,Percentage of population,ABOVE_BASIC,Skill level: Above basic,_Z,Not Applicable,_Z,Not Applicable,2021,55.9424,MEAN,Mean,ITU_DH,ICT Indicators Database,0,Units,RATIO,Ratio,602,CCYY,A,Normal value,PU,Public
datastructure,WB.DATA360:DS_DATA360(1.2),I,A,Annual,AUT,Austria,ITU_DH_SKLS_DIG_CONT,Individuals with ICT skills in digital content creation,_T,Total,_T,All age ranges or no breakdown by age,_T,Total,PT_POP,Percentage of population,ABOVE_BASIC,Skill level: Above basic,_Z,Not Applicable,_Z,Not Applicable,2023,53.2072,MEAN,Mean,ITU_DH,ICT Indicators Database,0,Units,RATIO,Ratio,602,CCYY,A,Normal value,PU,Public
datastructure,WB.DATA360:DS_DATA360(1.2),I,A,Annual,AZE,Azerbaijan,ITU_DH_SKLS_DIG_CONT,Individuals with ICT skills in digital content creation,_T,Total,_T,All age ranges or no breakdown by age,_T,Total,PT_POP,Percentage of population,ABOVE_BASIC,Skill level: Above basic,_Z,Not Applicable,_Z,Not Applicable,2021,41.5886,MEAN,Mean,ITU_DH,ICT Indicators Database,0,Units,RATIO,Ratio,602,CCYY,A,Normal value,PU,Public
datastructure,WB.DATA360:DS_DATA360(1.2),I,A,Annual,AZE,Azerbaijan,ITU_DH_SKLS_DIG_CONT,Individuals with ICT skills in digital content creation,_T,Total,_T,All age ranges or no breakdown by age,_T,Total,PT_POP,Percentage of population,ABOVE_BASIC,Skill level: Above basic,_Z,Not Applicable,_Z,Not Applicable,2022,46.7731,MEAN,Mean,ITU_DH,ICT Indicators Database,0,Units,RATIO,Ratio,602,CCYY,A,Normal value,PU,Public
datastructure,WB.DATA360:DS_DATA360(1.2),I,A,Annual,AZE,Azerbaijan,ITU_DH_SKLS_DIG_CONT,Individuals with ICT skills in digital content creation,_T,Total,_T,All age ranges or no breakdown by age,_T,Total,PT_POP,Percentage of population,ABOVE_BASIC,Skill level: Above basic,_Z,Not Applicable,_Z,Not Applicable,2023,52.51,MEAN,Mean,ITU_DH,ICT Indicators Database,0,Units,RATIO,Ratio,602,CCYY,A,Normal value,PU,Public
datastructure,WB.DATA360:DS_DATA360(1.2),I,A,Annual,BRA,Brazil,ITU_DH_SKLS_DIG_CONT,Individuals with ICT skills in digital content creation,_T,Total,_T,All age ranges or no breakdown by age,_T,Total,PT_POP,Percentage of population,ABOVE_BASIC,Skill level: Above basic,_Z,Not Applicable,_Z,Not Applicable,2021,9.37468,MEAN,Mean,ITU_DH,ICT Indicators Database,0,Units,RATIO,Ratio,602,CCYY,A,Normal value,PU,Public
datastructure,WB.DATA360:DS_DATA360(1.2),I,A,Annual,BRA,Brazil,ITU_DH_SKLS_DIG_CONT,Individuals with ICT skills in digital content creation,_T,Total,_T,All age ranges or no breakdown by age,_T,Total,PT_POP,Percentage of population,ABOVE_BASIC,Skill level: Above basic,_Z,Not Applicable,_Z,Not Applicable,2022,32.8573,MEAN,Mean,ITU_DH,ICT Indicators Database,0,Units,RATIO,Ratio,602,CCYY,A,Normal value,PU,Public
datastructure,WB.DATA360:DS_DATA360(1.2),I,A,Annual,BRA,Brazil,ITU_DH_SKLS_DIG_CONT,Individuals with ICT skills in digital content creation,_T,Total,_T,All age ranges or no breakdown by age,_T,Total,PT_POP,Percentage of population,ABOVE_BASIC,Skill level: Above basic,_Z,Not Applicable,_Z,Not Applicable,2023,33.2988,MEAN,Mean,ITU_DH,ICT Indicators Database,0,Units,RATIO,Ratio,602,CCYY,A,Normal value,PU,Public
datastructure,WB.DATA360:DS_DATA360(1.2),I,A,Annual,BRA,Brazil,ITU_DH_SKLS_DIG_CONT,Individuals with ICT skills in digital content creation,_T,Total,_T,All age ranges or no breakdown by age,_T,Total,PT_POP,Percentage of population,ABOVE_BASIC,Skill level: Above basic,_Z,Not Applicable,_Z,Not Applicable,2024,34.2573,MEAN,Mean,ITU_DH,ICT Indicators Database,0,Units,RATIO,Ratio,602,CCYY,A,Normal value,PU,Public
datastructure,WB.DATA360:DS_DATA360(1.2),I,A,Annual,BEL,Belgium,ITU_DH_SKLS_DIG_CONT,Individuals with ICT skills in digital content creation,_T,Total,_T,All age ranges or no breakdown by age,_T,Total,PT_POP,Percentage of population,ABOVE_BASIC,Skill level: Above basic,_Z,Not Applicable,_Z,Not Applicable,2021,43.7033,MEAN,Mean,ITU_DH,ICT Indicators Database,0,Units,RATIO,Ratio,602,CCYY,A,Normal value,PU,Public
datastructure,WB.DATA360:DS_DATA360(1.2),I,A,Annual,BEL,Belgium,ITU_DH_SKLS_DIG_CONT,Individuals with ICT skills in digital content creation,_T,Total,_T,All age ranges or no breakdown by age,_T,Total,PT_POP,Percentage of population,ABOVE_BASIC,Skill level: Above basic,_Z,Not Applicable,_Z,Not Applicable,2023,61.2087,MEAN,Mean,ITU_DH,ICT Indicators Database,0,Units,RATIO,Ratio,602,CCYY,A,Normal value,PU,Public
datastructure,WB.DATA360:DS_DATA360(1.2),I,A,Annual,BLR,Belarus,ITU_DH_SKLS_DIG_CONT,Individuals with ICT skills in digital content creation,_T,Total,_T,All age ranges or no breakdown by age,_T,Total,PT_POP,Percentage of population,ABOVE_BASIC,Skill level: Above basic,_Z,Not Applicable,_Z,Not Applicable,2021,20.8759,MEAN,Mean,ITU_DH,ICT Indicators Database,0,Units,RATIO,Ratio,602,CCYY,A,Normal value,PU,Public
datastructure,WB.DATA360:DS_DATA360(1.2),I,A,Annual,BLR,Belarus,ITU_DH_SKLS_DIG_CONT,Individuals with ICT skills in digital content creation,_T,Total,_T,All age ranges or no breakdown by age,_T,Total,PT_POP,Percentage of population,ABOVE_BASIC,Skill level: Above basic,_Z,Not Applicable,_Z,Not Applicable,2022,23.067,MEAN,Mean,ITU_DH,ICT Indicators Database,0,Units,RATIO,Ratio,602,CCYY,A,Normal value,PU,Public
datastructure,WB.DATA360:DS_DATA360(1.2),I,A,Annual,BLR,Belarus,ITU_DH_SKLS_DIG_CONT,Individuals with ICT skills in digital content creation,_T,Total,_T,All age ranges or no breakdown by age,_T,Total,PT_POP,Percentage of population,ABOVE_BASIC,Skill level: Above basic,_Z,Not Applicable,_Z,Not Applicable,2023,24.2618,MEAN,Mean,ITU_DH,ICT Indicators Database,0,Units,RATIO,Ratio,602,CCYY,A,Normal value,PU,Public
datastructure,WB.DATA360:DS_DATA360(1.2),I,A,Annual,BLR,Belarus,ITU_DH_SKLS_DIG_CONT,Individuals with ICT skills in digital content creation,_T,Total,_T,All age ranges or no breakdown by age,_T,Total,PT_POP,Percentage of population,ABOVE_BASIC,Skill level: Above basic,_Z,Not Applicable,_Z,Not Applicable,2024,25.6072,MEAN,Mean,ITU_DH,ICT Indicators Database,0,Units,RATIO,Ratio,602,CCYY,A,Normal value,PU,Public
datastructure,WB.DATA360:DS_DATA360(1.2),I,A,Annual,BRN,Brunei Darussalam,ITU_DH_SKLS_DIG_CONT,Individuals with ICT skills in digital content creation,_T,Total,_T,All age ranges or no breakdown by age,_T,Total,PT_POP,Percentage of population,ABOVE_BASIC,Skill level: Above basic,_Z,Not Applicable,_Z,Not Applicable,2022,87.0657,MEAN,Mean,ITU_DH,ICT Indicators Database,0,Units,RATIO,Ratio,602,CCYY,A,Normal value,PU,Public
datastructure,WB.DATA360:DS_DATA360(1.2),I,A,Annual,BGR,Bulgaria,ITU_DH_SKLS_DIG_CONT,Individuals with ICT skills in digital content creation,_T,Total,_T,All age ranges or no breakdown by age,_T,Total,PT_POP,Percentage of population,ABOVE_BASIC,Skill level: Above basic,_Z,Not Applicable,_Z,Not Applicable,2021,22.4292,MEAN,Mean,ITU_DH,ICT Indicators Database,0,Units,RATIO,Ratio,602,CCYY,A,Normal value,PU,Public
datastructure,WB.DATA360:DS_DATA360(1.2),I,A,Annual,BGR,Bulgaria,ITU_DH_SKLS_DIG_CONT,Individuals with ICT skills in digital content creation,_T,Total,_T,All age ranges or no breakdown by age,_T,Total,PT_POP,Percentage of population,ABOVE_BASIC,Skill level: Above basic,_Z,Not Applicable,_Z,Not Applicable,2023,24.512,MEAN,Mean,ITU_DH,ICT Indicators Database,0,Units,RATIO,Ratio,602,CCYY,A,Normal value,PU,Public
datastructure,WB.DATA360:DS_DATA360(1.2),I,A,Annual,CAN,Canada,ITU_DH_SKLS_DIG_CONT,Individuals with ICT skills in digital content creation,_T,Total,_T,All age ranges or no breakdown by age,_T,Total,PT_POP,Percentage of population,ABOVE_BASIC,Skill level: Above basic,_Z,Not Applicable,_Z,Not Applicable,2022,60.3,MEAN,Mean,ITU_DH,ICT Indicators Database,0,Units,RATIO,Ratio,602,CCYY,A,Normal value,PU,Public
datastructure,WB.DATA360:DS_DATA360(1.2),I,A,Annual,CHL,Chile,ITU_DH_SKLS_DIG_CONT,Individuals with ICT skills in digital content creation,_T,Total,_T,All age ranges or no breakdown by age,_T,Total,PT_POP,Percentage of population,ABOVE_BASIC,Skill level: Above basic,_Z,Not Applicable,_Z,Not Applicable,2023,47.0166,MEAN,Mean,ITU_DH,ICT Indicators Database,0,Units,RATIO,Ratio,602,CCYY,A,Normal value,PU,Public
datastructure,WB.DATA360:DS_DATA360(1.2),I,A,Annual,DOM,Dominican Republic,ITU_DH_SKLS_DIG_CONT,Individuals with ICT skills in digital content creation,_T,Total,_T,All age ranges or no breakdown by age,_T,Total,PT_POP,Percentage of population,ABOVE_BASIC,Skill level: Above basic,_Z,Not Applicable,_Z,Not Applicable,2022,17.5897,MEAN,Mean,ITU_DH,ICT Indicators Database,0,Units,RATIO,Ratio,602,CCYY,A,Normal value,PU,Public
datastructure,WB.DATA360:DS_DATA360(1.2),I,A,Annual,ESP,Spain,ITU_DH_SKLS_DIG_CONT,Individuals with ICT skills in digital content creation,_T,Total,_T,All age ranges or no breakdown by age,_T,Total,PT_POP,Percentage of population,ABOVE_BASIC,Skill level: Above basic,_Z,Not Applicable,_Z,Not Applicable,2021,52.4,MEAN,Mean,ITU_DH,ICT Indicators Database,0,Units,RATIO,Ratio,602,CCYY,A,Normal value,PU,Public
datastructure,WB.DATA360:DS_DATA360(1.2),I,A,Annual,ESP,Spain,ITU_DH_SKLS_DIG_CONT,Individuals with ICT skills in digital content creation,_T,Total,_T,All age ranges or no breakdown by age,_T,Total,PT_POP,Percentage of population,ABOVE_BASIC,Skill level: Above basic,_Z,Not Applicable,_Z,Not Applicable,2023,52.283,MEAN,Mean,ITU_DH,ICT Indicators Database,0,Units,RATIO,Ratio,602,CCYY,A,Normal value,PU,Public
datastructure,WB.DATA360:DS_DATA360(1.2),I,A,Annual,EST,Estonia,ITU_DH_SKLS_DIG_CONT,Individuals with ICT skills in digital content creation,_T,Total,_T,All age ranges or no breakdown by age,_T,Total,PT_POP,Percentage of population,ABOVE_BASIC,Skill level: Above basic,_Z,Not Applicable,_Z,Not Applicable,2023,49.7328,MEAN,Mean,ITU_DH,ICT Indicators Database,0,Units,RATIO,Ratio,602,CCYY,A,Normal value,PU,Public
datastructure,WB.DATA360:DS_DATA360(1.2),I,A,Annual,FRA,France,ITU_DH_SKLS_DIG_CONT,Individuals with ICT skills in digital content creation,_T,Total,_T,All age ranges or no breakdown by age,_T,Total,PT_POP,Percentage of population,ABOVE_BASIC,Skill level: Above basic,_Z,Not Applicable,_Z,Not Applicable,2023,46.0175,MEAN,Mean,ITU_DH,ICT Indicators Database,0,Units,RATIO,Ratio,602,CCYY,A,Normal value,PU,Public
datastructure,WB.DATA360:DS_DATA360(1.2),I,A,Annual,FIN,Finland,ITU_DH_SKLS_DIG_CONT,Individuals with ICT skills in digital content creation,_T,Total,_T,All age ranges or no breakdown by age,_T,Total,PT_POP,Percentage of population,ABOVE_BASIC,Skill level: Above basic,_Z,Not Applicable,_Z,Not Applicable,2021,39.0518,MEAN,Mean,ITU_DH,ICT Indicators Database,0,Units,RATIO,Ratio,602,CCYY,A,Normal value,PU,Public
datastructure,WB.DATA360:DS_DATA360(1.2),I,A,Annual,FIN,Finland,ITU_DH_SKLS_DIG_CONT,Individuals with ICT skills in digital content creation,_T,Total,_T,All age ranges or no breakdown by age,_T,Total,PT_POP,Percentage of population,ABOVE_BASIC,Skill level: Above basic,_Z,Not Applicable,_Z,Not Applicable,2023,39.6726,MEAN,Mean,ITU_DH,ICT Indicators Database,0,Units,RATIO,Ratio,602,CCYY,A,Normal value,PU,Public
datastructure,WB.DATA360:DS_DATA360(1.2),I,A,Annual,GRC,Greece,ITU_DH_SKLS_DIG_CONT,Individuals with ICT skills in digital content creation,_T,Total,_T,All age ranges or no breakdown by age,_T,Total,PT_POP,Percentage of population,ABOVE_BASIC,Skill level: Above basic,_Z,Not Applicable,_Z,Not Applicable,2021,39.8488,MEAN,Mean,ITU_DH,ICT Indicators Database,0,Units,RATIO,Ratio,602,CCYY,A,Normal value,PU,Public
datastructure,WB.DATA360:DS_DATA360(1.2),I,A,Annual,GRC,Greece,ITU_DH_SKLS_DIG_CONT,Individuals with ICT skills in digital content creation,_T,Total,_T,All age ranges or no breakdown by age,_T,Total,PT_POP,Percentage of population,ABOVE_BASIC,Skill level: Above basic,_Z,Not Applicable,_Z,Not Applicable,2023,44.0567,MEAN,Mean,ITU_DH,ICT Indicators Database,0,Units,RATIO,Ratio,602,CCYY,A,Normal value,PU,Public
datastructure,WB.DATA360:DS_DATA360(1.2),I,A,Annual,HKG,"Hong Kong SAR, China",ITU_DH_SKLS_DIG_CONT,Individuals with ICT skills in digital content creation,_T,Total,_T,All age ranges or no breakdown by age,_T,Total,PT_POP,Percentage of population,ABOVE_BASIC,Skill level: Above basic,_Z,Not Applicable,_Z,Not Applicable,2023,47.7132,MEAN,Mean,ITU_DH,ICT Indicators Database,0,Units,RATIO,Ratio,602,CCYY,A,Normal value,PU,Public
datastructure,WB.DATA360:DS_DATA360(1.2),I,A,Annual,HRV,Croatia,ITU_DH_SKLS_DIG_CONT,Individuals with ICT skills in digital content creation,_T,Total,_T,All age ranges or no breakdown by age,_T,Total,PT_POP,Percentage of population,ABOVE_BASIC,Skill level: Above basic,_Z,Not Applicable,_Z,Not Applicable,2021,64.43,MEAN,Mean,ITU_DH,ICT Indicators Database,0,Units,RATIO,Ratio,602,CCYY,A,Normal value,PU,Public
datastructure,WB.DATA360:DS_DATA360(1.2),I,A,Annual,HRV,Croatia,ITU_DH_SKLS_DIG_CONT,Individuals with ICT skills in digital content creation,_T,Total,_T,All age ranges or no breakdown by age,_T,Total,PT_POP,Percentage of population,ABOVE_BASIC,Skill level: Above basic,_Z,Not Applicable,_Z,Not Applicable,2023,39.72,MEAN,Mean,ITU_DH,ICT Indicators Database,0,Units,RATIO,Ratio,602,CCYY,A,Normal value,PU,Public
datastructure,WB.DATA360:DS_DATA360(1.2),I,A,Annual,ITA,Italy,ITU_DH_SKLS_DIG_CONT,Individuals with ICT skills in digital content creation,_T,Total,_T,All age ranges or no breakdown by age,_T,Total,PT_POP,Percentage of population,ABOVE_BASIC,Skill level: Above basic,_Z,Not Applicable,_Z,Not Applicable,2023,42.5967,MEAN,Mean,ITU_DH,ICT Indicators Database,0,Units,RATIO,Ratio,602,CCYY,A,Normal value,PU,Public
datastructure,WB.DATA360:DS_DATA360(1.2),I,A,Annual,IDN,Indonesia,ITU_DH_SKLS_DIG_CONT,Individuals with ICT skills in digital content creation,_T,Total,_T,All age ranges or no breakdown by age,_T,Total,PT_POP,Percentage of population,ABOVE_BASIC,Skill level: Above basic,_Z,Not Applicable,_Z,Not Applicable,2024,0.185632,MEAN,Mean,ITU_DH,ICT Indicators Database,0,Units,RATIO,Ratio,602,CCYY,A,Normal value,PU,Public
datastructure,WB.DATA360:DS_DATA360(1.2),I,A,Annual,JPN,Japan,ITU_DH_SKLS_DIG_CONT,Individuals with ICT skills in digital content creation,_T,Total,_T,All age ranges or no breakdown by age,_T,Total,PT_POP,Percentage of population,ABOVE_BASIC,Skill level: Above basic,_Z,Not Applicable,_Z,Not Applicable,2021,54.9253,MEAN,Mean,ITU_DH,ICT Indicators Database,0,Units,RATIO,Ratio,602,CCYY,A,Normal value,PU,Public
datastructure,WB.DATA360:DS_DATA360(1.2),I,A,Annual,JPN,Japan,ITU_DH_SKLS_DIG_CONT,Individuals with ICT skills in digital content creation,_T,Total,_T,All age ranges or no breakdown by age,_T,Total,PT_POP,Percentage of population,ABOVE_BASIC,Skill level: Above basic,_Z,Not Applicable,_Z,Not Applicable,2022,56.7434,MEAN,Mean,ITU_DH,ICT Indicators Database,0,Units,RATIO,Ratio,602,CCYY,A,Normal value,PU,Public
datastructure,WB.DATA360:DS_DATA360(1.2),I,A,Annual,JAM,Jamaica,ITU_DH_SKLS_DIG_CONT,Individuals with ICT skills in digital content creation,_T,Total,_T,All age ranges or no breakdown by age,_T,Total,PT_POP,Percentage of population,ABOVE_BASIC,Skill level: Above basic,_Z,Not Applicable,_Z,Not Applicable,2023,10.2875,MEAN,Mean,ITU_DH,ICT Indicators Database,0,Units,RATIO,Ratio,602,CCYY,A,Normal value,PU,Public
datastructure,WB.DATA360:DS_DATA360(1.2),I,A,Annual,JOR,Jordan,ITU_DH_SKLS_DIG_CONT,Individuals with ICT skills in digital content creation,_T,Total,_T,All age ranges or no breakdown by age,_T,Total,PT_POP,Percentage of population,ABOVE_BASIC,Skill level: Above basic,_Z,Not Applicable,_Z,Not Applicable,2023,19.7155,MEAN,Mean,ITU_DH,ICT Indicators Database,0,Units,RATIO,Ratio,602,CCYY,A,Normal value,PU,Public
datastructure,WB.DATA360:DS_DATA360(1.2),I,A,Annual,KOR,"Korea, Rep.",ITU_DH_SKLS_DIG_CONT,Individuals with ICT skills in digital content creation,_T,Total,_T,All age ranges or no breakdown by age,_T,Total,PT_POP,Percentage of population,ABOVE_BASIC,Skill level: Above basic,_Z,Not Applicable,_Z,Not Applicable,2021,78.7793,MEAN,Mean,ITU_DH,ICT Indicators Database,0,Units,RATIO,Ratio,602,CCYY,A,Normal value,PU,Public
datastructure,WB.DATA360:DS_DATA360(1.2),I,A,Annual,KOR,"Korea, Rep.",ITU_DH_SKLS_DIG_CONT,Individuals with ICT skills in digital content creation,_T,Total,_T,All age ranges or no breakdown by age,_T,Total,PT_POP,Percentage of population,ABOVE_BASIC,Skill level: Above basic,_Z,Not Applicable,_Z,Not Applicable,2022,74.241,MEAN,Mean,ITU_DH,ICT Indicators Database,0,Units,RATIO,Ratio,602,CCYY,A,Normal value,PU,Public
datastructure,WB.DATA360:DS_DATA360(1.2),I,A,Annual,KOR,"Korea, Rep.",ITU_DH_SKLS_DIG_CONT,Individuals with ICT skills in digital content creation,_T,Total,_T,All age ranges or no breakdown by age,_T,Total,PT_POP,Percentage of population,ABOVE_BASIC,Skill level: Above basic,_Z,Not Applicable,_Z,Not Applicable,2023,79.3656,MEAN,Mean,ITU_DH,ICT Indicators Database,0,Units,RATIO,Ratio,602,CCYY,A,Normal value,PU,Public
datastructure,WB.DATA360:DS_DATA360(1.2),I,A,Annual,KOR,"Korea, Rep.",ITU_DH_SKLS_DIG_CONT,Individuals with ICT skills in digital content creation,_T,Total,_T,All age ranges or no breakdown by age,_T,Total,PT_POP,Percentage of population,ABOVE_BASIC,Skill level: Above basic,_Z,Not Applicable,_Z,Not Applicable,2024,62.7629,MEAN,Mean,ITU_DH,ICT Indicators Database,0,Units,RATIO,Ratio,602,CCYY,A,Normal value,PU,Public
datastructure,WB.DATA360:DS_DATA360(1.2),I,A,Annual,LTU,Lithuania,ITU_DH_SKLS_DIG_CONT,Individuals with ICT skills in digital content creation,_T,Total,_T,All age ranges or no breakdown by age,_T,Total,PT_POP,Percentage of population,ABOVE_BASIC,Skill level: Above basic,_Z,Not Applicable,_Z,Not Applicable,2021,32.4668,MEAN,Mean,ITU_DH,ICT Indicators Database,0,Units,RATIO,Ratio,602,CCYY,A,Normal value,PU,Public
datastructure,WB.DATA360:DS_DATA360(1.2),I,A,Annual,LTU,Lithuania,ITU_DH_SKLS_DIG_CONT,Individuals with ICT skills in digital content creation,_T,Total,_T,All age ranges or no breakdown by age,_T,Total,PT_POP,Percentage of population,ABOVE_BASIC,Skill level: Above basic,_Z,Not Applicable,_Z,Not Applicable,2023,39.5887,MEAN,Mean,ITU_DH,ICT Indicators Database,0,Units,RATIO,Ratio,602,CCYY,A,Normal value,PU,Public
datastructure,WB.DATA360:DS_DATA360(1.2),I,A,Annual,LVA,Latvia,ITU_DH_SKLS_DIG_CONT,Individuals with ICT skills in digital content creation,_T,Total,_T,All age ranges or no breakdown by age,_T,Total,PT_POP,Percentage of population,ABOVE_BASIC,Skill level: Above basic,_Z,Not Applicable,_Z,Not Applicable,2021,4.26449,MEAN,Mean,ITU_DH,ICT Indicators Database,0,Units,RATIO,Ratio,602,CCYY,A,Normal value,PU,Public
datastructure,WB.DATA360:DS_DATA360(1.2),I,A,Annual,LVA,Latvia,ITU_DH_SKLS_DIG_CONT,Individuals with ICT skills in digital content creation,_T,Total,_T,All age ranges or no breakdown by age,_T,Total,PT_POP,Percentage of population,ABOVE_BASIC,Skill level: Above basic,_Z,Not Applicable,_Z,Not Applicable,2023,3.59741,MEAN,Mean,ITU_DH,ICT Indicators Database,0,Units,RATIO,Ratio,602,CCYY,A,Normal value,PU,Public
datastructure,WB.DATA360:DS_DATA360(1.2),I,A,Annual,MEX,Mexico,ITU_DH_SKLS_DIG_CONT,Individuals with ICT skills in digital content creation,_T,Total,_T,All age ranges or no breakdown by age,_T,Total,PT_POP,Percentage of population,ABOVE_BASIC,Skill level: Above basic,_Z,Not Applicable,_Z,Not Applicable,2021,27.6046,MEAN,Mean,ITU_DH,ICT Indicators Database,0,Units,RATIO,Ratio,602,CCYY,A,Normal value,PU,Public
datastructure,WB.DATA360:DS_DATA360(1.2),I,A,Annual,MEX,Mexico,ITU_DH_SKLS_DIG_CONT,Individuals with ICT skills in digital content creation,_T,Total,_T,All age ranges or no breakdown by age,_T,Total,PT_POP,Percentage of population,ABOVE_BASIC,Skill level: Above basic,_Z,Not Applicable,_Z,Not Applicable,2022,27.8498,MEAN,Mean,ITU_DH,ICT Indicators Database,0,Units,RATIO,Ratio,602,CCYY,A,Normal value,PU,Public
datastructure,WB.DATA360:DS_DATA360(1.2),I,A,Annual,MEX,Mexico,ITU_DH_SKLS_DIG_CONT,Individuals with ICT skills in digital content creation,_T,Total,_T,All age ranges or no breakdown by age,_T,Total,PT_POP,Percentage of population,ABOVE_BASIC,Skill level: Above basic,_Z,Not Applicable,_Z,Not Applicable,2023,28.2736,MEAN,Mean,ITU_DH,ICT Indicators Database,0,Units,RATIO,Ratio,602,CCYY,A,Normal value,PU,Public
datastructure,WB.DATA360:DS_DATA360(1.2),I,A,Annual,MYS,Malaysia,ITU_DH_SKLS_DIG_CONT,Individuals with ICT skills in digital content creation,_T,Total,_T,All age ranges or no breakdown by age,_T,Total,PT_POP,Percentage of population,ABOVE_BASIC,Skill level: Above basic,_Z,Not Applicable,_Z,Not Applicable,2023,66.5157,MEAN,Mean,ITU_DH,ICT Indicators Database,0,Units,RATIO,Ratio,602,CCYY,A,Normal value,PU,Public
datastructure,WB.DATA360:DS_DATA360(1.2),I,A,Annual,MYS,Malaysia,ITU_DH_SKLS_DIG_CONT,Individuals with ICT skills in digital content creation,_T,Total,_T,All age ranges or no breakdown by age,_T,Total,PT_POP,Percentage of population,ABOVE_BASIC,Skill level: Above basic,_Z,Not Applicable,_Z,Not Applicable,2024,68.2064,MEAN,Mean,ITU_DH,ICT Indicators Database,0,Units,RATIO,Ratio,602,CCYY,A,Normal value,PU,Public
datastructure,WB.DATA360:DS_DATA360(1.2),I,A,Annual,MLT,Malta,ITU_DH_SKLS_DIG_CONT,Individuals with ICT skills in digital content creation,_T,Total,_T,All age ranges or no breakdown by age,_T,Total,PT_POP,Percentage of population,ABOVE_BASIC,Skill level: Above basic,_Z,Not Applicable,_Z,Not Applicable,2023,50.1207,MEAN,Mean,ITU_DH,ICT Indicators Database,0,Units,RATIO,Ratio,602,CCYY,A,Normal value,PU,Public
datastructure,WB.DATA360:DS_DATA360(1.2),I,A,Annual,MWI,Malawi,ITU_DH_SKLS_DIG_CONT,Individuals with ICT skills in digital content creation,_T,Total,_T,All age ranges or no breakdown by age,_T,Total,PT_POP,Percentage of population,ABOVE_BASIC,Skill level: Above basic,_Z,Not Applicable,_Z,Not Applicable,2023,1.53701,MEAN,Mean,ITU_DH,ICT Indicators Database,0,Units,RATIO,Ratio,602,CCYY,A,Normal value,PU,Public
datastructure,WB.DATA360:DS_DATA360(1.2),I,A,Annual,OMN,Oman,ITU_DH_SKLS_DIG_CONT,Individuals with ICT skills in digital content creation,_T,Total,_T,All age ranges or no breakdown by age,_T,Total,PT_POP,Percentage of population,ABOVE_BASIC,Skill level: Above basic,_Z,Not Applicable,_Z,Not Applicable,2023,76.0,MEAN,Mean,ITU_DH,ICT Indicators Database,0,Units,RATIO,Ratio,602,CCYY,A,Normal value,PU,Public
datastructure,WB.DATA360:DS_DATA360(1.2),I,A,Annual,POL,Poland,ITU_DH_SKLS_DIG_CONT,Individuals with ICT skills in digital content creation,_T,Total,_T,All age ranges or no breakdown by age,_T,Total,PT_POP,Percentage of population,ABOVE_BASIC,Skill level: Above basic,_Z,Not Applicable,_Z,Not Applicable,2021,28.4271,MEAN,Mean,ITU_DH,ICT Indicators Database,0,Units,RATIO,Ratio,602,CCYY,A,Normal value,PU,Public
datastructure,WB.DATA360:DS_DATA360(1.2),I,A,Annual,POL,Poland,ITU_DH_SKLS_DIG_CONT,Individuals with ICT skills in digital content creation,_T,Total,_T,All age ranges or no breakdown by age,_T,Total,PT_POP,Percentage of population,ABOVE_BASIC,Skill level: Above basic,_Z,Not Applicable,_Z,Not Applicable,2022,25.2236,MEAN,Mean,ITU_DH,ICT Indicators Database,0,Units,RATIO,Ratio,602,CCYY,A,Normal value,PU,Public
datastructure,WB.DATA360:DS_DATA360(1.2),I,A,Annual,POL,Poland,ITU_DH_SKLS_DIG_CONT,Individuals with ICT skills in digital content creation,_T,Total,_T,All age ranges or no breakdown by age,_T,Total,PT_POP,Percentage of population,ABOVE_BASIC,Skill level: Above basic,_Z,Not Applicable,_Z,Not Applicable,2023,26.0882,MEAN,Mean,ITU_DH,ICT Indicators Database,0,Units,RATIO,Ratio,602,CCYY,A,Normal value,PU,Public
datastructure,WB.DATA360:DS_DATA360(1.2),I,A,Annual,PRT,Portugal,ITU_DH_SKLS_DIG_CONT,Individuals with ICT skills in digital content creation,_T,Total,_T,All age ranges or no breakdown by age,_T,Total,PT_POP,Percentage of population,ABOVE_BASIC,Skill level: Above basic,_Z,Not Applicable,_Z,Not Applicable,2021,42.0286,MEAN,Mean,ITU_DH,ICT Indicators Database,0,Units,RATIO,Ratio,602,CCYY,A,Normal value,PU,Public
datastructure,WB.DATA360:DS_DATA360(1.2),I,A,Annual,PRT,Portugal,ITU_DH_SKLS_DIG_CONT,Individuals with ICT skills in digital content creation,_T,Total,_T,All age ranges or no breakdown by age,_T,Total,PT_POP,Percentage of population,ABOVE_BASIC,Skill level: Above basic,_Z,Not Applicable,_Z,Not Applicable,2023,42.4858,MEAN,Mean,ITU_DH,ICT Indicators Database,0,Units,RATIO,Ratio,602,CCYY,A,Normal value,PU,Public
datastructure,WB.DATA360:DS_DATA360(1.2),I,A,Annual,ROU,Romania,ITU_DH_SKLS_DIG_CONT,Individuals with ICT skills in digital content creation,_T,Total,_T,All age ranges or no breakdown by age,_T,Total,PT_POP,Percentage of population,ABOVE_BASIC,Skill level: Above basic,_Z,Not Applicable,_Z,Not Applicable,2023,5.04164,MEAN,Mean,ITU_DH,ICT Indicators Database,0,Units,RATIO,Ratio,602,CCYY,A,Normal value,PU,Public
datastructure,WB.DATA360:DS_DATA360(1.2),I,A,Annual,RUS,Russian Federation,ITU_DH_SKLS_DIG_CONT,Individuals with ICT skills in digital content creation,_T,Total,_T,All age ranges or no breakdown by age,_T,Total,PT_POP,Percentage of population,ABOVE_BASIC,Skill level: Above basic,_Z,Not Applicable,_Z,Not Applicable,2023,31.5249,MEAN,Mean,ITU_DH,ICT Indicators Database,0,Units,RATIO,Ratio,602,CCYY,A,Normal value,PU,Public
datastructure,WB.DATA360:DS_DATA360(1.2),I,A,Annual,RUS,Russian Federation,ITU_DH_SKLS_DIG_CONT,Individuals with ICT skills in digital content creation,_T,Total,_T,All age ranges or no breakdown by age,_T,Total,PT_POP,Percentage of population,ABOVE_BASIC,Skill level: Above basic,_Z,Not Applicable,_Z,Not Applicable,2024,26.4269,MEAN,Mean,ITU_DH,ICT Indicators Database,0,Units,RATIO,Ratio,602,CCYY,A,Normal value,PU,Public
datastructure,WB.DATA360:DS_DATA360(1.2),I,A,Annual,SWE,Sweden,ITU_DH_SKLS_DIG_CONT,Individuals with ICT skills in digital content creation,_T,Total,_T,All age ranges or no breakdown by age,_T,Total,PT_POP,Percentage of population,ABOVE_BASIC,Skill level: Above basic,_Z,Not Applicable,_Z,Not Applicable,2021,66.1602,MEAN,Mean,ITU_DH,ICT Indicators Database,0,Units,RATIO,Ratio,602,CCYY,A,Normal value,PU,Public
datastructure,WB.DATA360:DS_DATA360(1.2),I,A,Annual,SWE,Sweden,ITU_DH_SKLS_DIG_CONT,Individuals with ICT skills in digital content creation,_T,Total,_T,All age ranges or no breakdown by age,_T,Total,PT_POP,Percentage of population,ABOVE_BASIC,Skill level: Above basic,_Z,Not Applicable,_Z,Not Applicable,2023,66.999,MEAN,Mean,ITU_DH,ICT Indicators Database,0,Units,RATIO,Ratio,602,CCYY,A,Normal value,PU,Public
datastructure,WB.DATA360:DS_DATA360(1.2),I,A,Annual,SGP,Singapore,ITU_DH_SKLS_DIG_CONT,Individuals with ICT skills in digital content creation,_T,Total,_T,All age ranges or no breakdown by age,_T,Total,PT_POP,Percentage of population,ABOVE_BASIC,Skill level: Above basic,_Z,Not Applicable,_Z,Not Applicable,2024,58.823,MEAN,Mean,ITU_DH,ICT Indicators Database,0,Units,RATIO,Ratio,602,CCYY,A,Normal value,PU,Public
datastructure,WB.DATA360:DS_DATA360(1.2),I,A,Annual,CHE,Switzerland,ITU_DH_SKLS_DIG_CONT,Individuals with ICT skills in digital content creation,_T,Total,_T,All age ranges or no breakdown by age,_T,Total,PT_POP,Percentage of population,ABOVE_BASIC,Skill level: Above basic,_Z,Not Applicable,_Z,Not Applicable,2021,56.66,MEAN,Mean,ITU_DH,ICT Indicators Database,0,Units,RATIO,Ratio,602,CCYY,A,Normal value,PU,Public
datastructure,WB.DATA360:DS_DATA360(1.2),I,A,Annual,CHE,Switzerland,ITU_DH_SKLS_DIG_CONT,Individuals with ICT skills in digital content creation,_T,Total,_T,All age ranges or no breakdown by age,_T,Total,PT_POP,Percentage of population,ABOVE_BASIC,Skill level: Above basic,_Z,Not Applicable,_Z,Not Applicable,2023,57.3354,MEAN,Mean,ITU_DH,ICT Indicators Database,0,Units,RATIO,Ratio,602,CCYY,A,Normal value,PU,Public
datastructure,WB.DATA360:DS_DATA360(1.2),I,A,Annual,SVN,Slovenia,ITU_DH_SKLS_DIG_CONT,Individuals with ICT skills in digital content creation,_T,Total,_T,All age ranges or no breakdown by age,_T,Total,PT_POP,Percentage of population,ABOVE_BASIC,Skill level: Above basic,_Z,Not Applicable,_Z,Not Applicable,2021,40.3046,MEAN,Mean,ITU_DH,ICT Indicators Database,0,Units,RATIO,Ratio,602,CCYY,A,Normal value,PU,Public
datastructure,WB.DATA360:DS_DATA360(1.2),I,A,Annual,SVN,Slovenia,ITU_DH_SKLS_DIG_CONT,Individuals with ICT skills in digital content creation,_T,Total,_T,All age ranges or no breakdown by age,_T,Total,PT_POP,Percentage of population,ABOVE_BASIC,Skill level: Above basic,_Z,Not Applicable,_Z,Not Applicable,2023,40.5774,MEAN,Mean,ITU_DH,ICT Indicators Database,0,Units,RATIO,Ratio,602,CCYY,A,Normal value,PU,Public
datastructure,WB.DATA360:DS_DATA360(1.2),I,A,Annual,CZE,Czechia,ITU_DH_SKLS_DIG_CONT,Individuals with ICT skills in digital content creation,_T,Total,_T,All age ranges or no breakdown by age,_T,Total,PT_POP,Percentage of population,ABOVE_BASIC,Skill level: Above basic,_Z,Not Applicable,_Z,Not Applicable,2021,34.4393,MEAN,Mean,ITU_DH,ICT Indicators Database,0,Units,RATIO,Ratio,602,CCYY,A,Normal value,PU,Public
datastructure,WB.DATA360:DS_DATA360(1.2),I,A,Annual,CZE,Czechia,ITU_DH_SKLS_DIG_CONT,Individuals with ICT skills in digital content creation,_T,Total,_T,All age ranges or no breakdown by age,_T,Total,PT_POP,Percentage of population,ABOVE_BASIC,Skill level: Above basic,_Z,Not Applicable,_Z,Not Applicable,2023,42.6085,MEAN,Mean,ITU_DH,ICT Indicators Database,0,Units,RATIO,Ratio,602,CCYY,A,Normal value,PU,Public
datastructure,WB.DATA360:DS_DATA360(1.2),I,A,Annual,TUR,Turkiye,ITU_DH_SKLS_DIG_CONT,Individuals with ICT skills in digital content creation,_T,Total,_T,All age ranges or no breakdown by age,_T,Total,PT_POP,Percentage of population,ABOVE_BASIC,Skill level: Above basic,_Z,Not Applicable,_Z,Not Applicable,2021,25.4677,MEAN,Mean,ITU_DH,ICT Indicators Database,0,Units,RATIO,Ratio,602,CCYY,A,Normal value,PU,Public
datastructure,WB.DATA360:DS_DATA360(1.2),I,A,Annual,TUR,Turkiye,ITU_DH_SKLS_DIG_CONT,Individuals with ICT skills in digital content creation,_T,Total,_T,All age ranges or no breakdown by age,_T,Total,PT_POP,Percentage of population,ABOVE_BASIC,Skill level: Above basic,_Z,Not Applicable,_Z,Not Applicable,2023,27.784,MEAN,Mean,ITU_DH,ICT Indicators Database,0,Units,RATIO,Ratio,602,CCYY,A,Normal value,PU,Public
datastructure,WB.DATA360:DS_DATA360(1.2),I,A,Annual,URY,Uruguay,ITU_DH_SKLS_DIG_CONT,Individuals with ICT skills in digital content creation,_T,Total,_T,All age ranges or no breakdown by age,_T,Total,PT_POP,Percentage of population,ABOVE_BASIC,Skill level: Above basic,_Z,Not Applicable,_Z,Not Applicable,2022,54.6035,MEAN,Mean,ITU_DH,ICT Indicators Database,0,Units,RATIO,Ratio,602,CCYY,A,Normal value,PU,Public
datastructure,WB.DATA360:DS_DATA360(1.2),I,A,Annual,URY,Uruguay,ITU_DH_SKLS_DIG_CONT,Individuals with ICT skills in digital content creation,_T,Total,_T,All age ranges or no breakdown by age,_T,Total,PT_POP,Percentage of population,ABOVE_BASIC,Skill level: Above basic,_Z,Not Applicable,_Z,Not Applicable,2024,56.2916,MEAN,Mean,ITU_DH,ICT Indicators Database,0,Units,RATIO,Ratio,602,CCYY,A,Normal value,PU,Public
datastructure,WB.DATA360:DS_DATA360(1.2),I,A,Annual,GEO,Georgia,ITU_DH_SKLS_DIG_CONT,Individuals with ICT skills in digital content creation,_T,Total,_T,All age ranges or no breakdown by age,_T,Total,PT_POP,Percentage of population,ABOVE_BASIC,Skill level: Above basic,_Z,Not Applicable,_Z,Not Applicable,2021,21.6864,MEAN,Mean,ITU_DH,ICT Indicators Database,0,Units,RATIO,Ratio,602,CCYY,A,Normal value,PU,Public
datastructure,WB.DATA360:DS_DATA360(1.2),I,A,Annual,GEO,Georgia,ITU_DH_SKLS_DIG_CONT,Individuals with ICT skills in digital content creation,_T,Total,_T,All age ranges or no breakdown by age,_T,Total,PT_POP,Percentage of population,ABOVE_BASIC,Skill level: Above basic,_Z,Not Applicable,_Z,Not Applicable,2022,22.3992,MEAN,Mean,ITU_DH,ICT Indicators Database,0,Units,RATIO,Ratio,602,CCYY,A,Normal value,PU,Public
datastructure,WB.DATA360:DS_DATA360(1.2),I,A,Annual,GEO,Georgia,ITU_DH_SKLS_DIG_CONT,Individuals with ICT skills in digital content creation,_T,Total,_T,All age ranges or no breakdown by age,_T,Total,PT_POP,Percentage of population,ABOVE_BASIC,Skill level: Above basic,_Z,Not Applicable,_Z,Not Applicable,2023,21.6123,MEAN,Mean,ITU_DH,ICT Indicators Database,0,Units,RATIO,Ratio,602,CCYY,A,Normal value,PU,Public
datastructure,WB.DATA360:DS_DATA360(1.2),I,A,Annual,SVK,Slovak Republic,ITU_DH_SKLS_DIG_CONT,Individuals with ICT skills in digital content creation,_T,Total,_T,All age ranges or no breakdown by age,_T,Total,PT_POP,Percentage of population,ABOVE_BASIC,Skill level: Above basic,_Z,Not Applicable,_Z,Not Applicable,2021,43.3107,MEAN,Mean,ITU_DH,ICT Indicators Database,0,Units,RATIO,Ratio,602,CCYY,A,Normal value,PU,Public
datastructure,WB.DATA360:DS_DATA360(1.2),I,A,Annual,SVK,Slovak Republic,ITU_DH_SKLS_DIG_CONT,Individuals with ICT skills in digital content creation,_T,Total,_T,All age ranges or no breakdown by age,_T,Total,PT_POP,Percentage of population,ABOVE_BASIC,Skill level: Above basic,_Z,Not Applicable,_Z,Not Applicable,2023,39.5822,MEAN,Mean,ITU_DH,ICT Indicators Database,0,Units,RATIO,Ratio,602,CCYY,A,Normal value,PU,Public
datastructure,WB.DATA360:DS_DATA360(1.2),I,A,Annual,PSE,West Bank and Gaza,ITU_DH_SKLS_DIG_CONT,Individuals with ICT skills in digital content creation,_T,Total,_T,All age ranges or no breakdown by age,_T,Total,PT_POP,Percentage of population,ABOVE_BASIC,Skill level: Above basic,_Z,Not Applicable,_Z,Not Applicable,2023,28.1229,MEAN,Mean,ITU_DH,ICT Indicators Database,0,Units,RATIO,Ratio,602,CCYY,A,Normal value,PU,Public
datastructure,WB.DATA360:DS_DATA360(1.2),I,A,Annual,CEB,Central Electricity Board (CEB),ITU_DH_SKLS_DIG_CONT,Individuals with ICT skills in digital content creation,_T,Total,_T,All age ranges or no breakdown by age,_T,Total,PT_POP,Percentage of population,ABOVE_BASIC,Skill level: Above basic,_Z,Not Applicable,_Z,Not Applicable,2021,33.75902375,MEAN,Mean,ITU_DH,ICT Indicators Database,0,Units,RATIO,Ratio,602,CCYY,A,Normal value,PU,Public
datastructure,WB.DATA360:DS_DATA360(1.2),I,A,Annual,CEB,Central Electricity Board (CEB),ITU_DH_SKLS_DIG_CONT,Individuals with ICT skills in digital content creation,_T,Total,_T,All age ranges or no breakdown by age,_T,Total,PT_POP,Percentage of population,BASIC,Skill level: Basic,_Z,Not Applicable,_Z,Not Applicable,2021,22.1063375,MEAN,Mean,ITU_DH,ICT Indicators Database,0,Units,RATIO,Ratio,602,CCYY,A,Normal value,PU,Public
datastructure,WB.DATA360:DS_DATA360(1.2),I,A,Annual,CEB,Central Electricity Board (CEB),ITU_DH_SKLS_DIG_CONT,Individuals with ICT skills in digital content creation,_T,Total,_T,All age ranges or no breakdown by age,_T,Total,PT_POP,Percentage of population,ABOVE_BASIC,Skill level: Above basic,_Z,Not Applicable,_Z,Not Applicable,2023,31.104885,MEAN,Mean,ITU_DH,ICT Indicators Database,0,Units,RATIO,Ratio,602,CCYY,A,Normal value,PU,Public
datastructure,WB.DATA360:DS_DATA360(1.2),I,A,Annual,CEB,Central Electricity Board (CEB),ITU_DH_SKLS_DIG_CONT,Individuals with ICT skills in digital content creation,_T,Total,_T,All age ranges or no breakdown by age,_T,Total,PT_POP,Percentage of population,BASIC,Skill level: Basic,_Z,Not Applicable,_Z,Not Applicable,2023,21.16337,MEAN,Mean,ITU_DH,ICT Indicators Database,0,Units,RATIO,Ratio,602,CCYY,A,Normal value,PU,Public
datastructure,WB.DATA360:DS_DATA360(1.2),I,A,Annual,EMU,Euro area,ITU_DH_SKLS_DIG_CONT,Individuals with ICT skills in digital content creation,_T,Total,_T,All age ranges or no breakdown by age,_T,Total,PT_POP,Percentage of population,ABOVE_BASIC,Skill level: Above basic,_Z,Not Applicable,_Z,Not Applicable,2023,42.96316066666668,MEAN,Mean,ITU_DH,ICT Indicators Database,0,Units,RATIO,Ratio,602,CCYY,A,Normal value,PU,Public
datastructure,WB.DATA360:DS_DATA360(1.2),I,A,Annual,EMU,Euro area,ITU_DH_SKLS_DIG_CONT,Individuals with ICT skills in digital content creation,_T,Total,_T,All age ranges or no breakdown by age,_T,Total,PT_POP,Percentage of population,BASIC,Skill level: Basic,_Z,Not Applicable,_Z,Not Applicable,2023,18.52698,MEAN,Mean,ITU_DH,ICT Indicators Database,0,Units,RATIO,Ratio,602,CCYY,A,Normal value,PU,Public
datastructure,WB.DATA360:DS_DATA360(1.2),I,A,Annual,EUU,European Union,ITU_DH_SKLS_DIG_CONT,Individuals with ICT skills in digital content creation,_T,Total,_T,All age ranges or no breakdown by age,_T,Total,PT_POP,Percentage of population,ABOVE_BASIC,Skill level: Above basic,_Z,Not Applicable,_Z,Not Applicable,2023,40.484837500000005,MEAN,Mean,ITU_DH,ICT Indicators Database,0,Units,RATIO,Ratio,602,CCYY,A,Normal value,PU,Public
datastructure,WB.DATA360:DS_DATA360(1.2),I,A,Annual,EUU,European Union,ITU_DH_SKLS_DIG_CONT,Individuals with ICT skills in digital content creation,_T,Total,_T,All age ranges or no breakdown by age,_T,Total,PT_POP,Percentage of population,BASIC,Skill level: Basic,_Z,Not Applicable,_Z,Not Applicable,2023,18.391240000000003,MEAN,Mean,ITU_DH,ICT Indicators Database,0,Units,RATIO,Ratio,602,CCYY,A,Normal value,PU,Public
datastructure,WB.DATA360:DS_DATA360(1.2),I,A,Annual,OED,OECD members,ITU_DH_SKLS_DIG_CONT,Individuals with ICT skills in digital content creation,_T,Total,_T,All age ranges or no breakdown by age,_T,Total,PT_POP,Percentage of population,ABOVE_BASIC,Skill level: Above basic,_Z,Not Applicable,_Z,Not Applicable,2023,44.28941,MEAN,Mean,ITU_DH,ICT Indicators Database,0,Units,RATIO,Ratio,602,CCYY,A,Normal value,PU,Public
datastructure,WB.DATA360:DS_DATA360(1.2),I,A,Annual,OED,OECD members,ITU_DH_SKLS_DIG_CONT,Individuals with ICT skills in digital content creation,_T,Total,_T,All age ranges or no breakdown by age,_T,Total,PT_POP,Percentage of population,BASIC,Skill level: Basic,_Z,Not Applicable,_Z,Not Applicable,2023,17.270896666666665,MEAN,Mean,ITU_DH,ICT Indicators Database,0,Units,RATIO,Ratio,602,CCYY,A,Normal value,PU,Public
